"","Condition","Median","HDI_Low","HDI_High","PD"
"1","U",0.509232732413236,0.489785163483339,0.528555986338372,0.829625
"2","C",0.988666877338136,0.980358579981493,0.994100881740556,1
