"","Condition","Median","HDI_Low","HDI_High","PD"
"1","U",0.515696947599996,0.492600305552746,0.537954029473507,0.919125
"2","C",0.983869626541259,0.974533449570363,0.990182238866916,1
